GEOUID,FEDUID,Riding,FirstName,LastName,Email,Party,Commute,Mode,Recommendation
59001,59001,Abbotsford,Ed,Fast,Ed.Fast@parl.gc.ca,Conservative,around 15 minutes,drive,"invest in active transportation infrastructure such as seperated bike lanes, sidewalks, and recreational trails"
24001,24001,Abitibi--Baie-James--Nunavik--Eeyou,Romeo,Saganash,Romeo.Saganash@parl.gc.ca,NDP,around 15 minutes,drive,"invest in active transportation infrastructure such as seperated bike lanes, sidewalks, and recreational trails"
24002,24002,Abitibi--T‚miscamingue,Christine,Moore,Christine.Moore@parl.gc.ca,NDP,around 15 minutes,drive,"invest in active transportation infrastructure such as seperated bike lanes, sidewalks, and recreational trails"
13001,13001,Acadie--Bathurst,Serge,Cormier,Serge.Cormier@parl.gc.ca,Liberal,around 15 minutes,drive,"invest in active transportation infrastructure such as seperated bike lanes, sidewalks, and recreational trails"
24003,24003,Ahuntsic-Cartierville,M‚lanie,Joly,M‚lanie.Joly@parl.gc.ca,Liberal,around 30 minutes,drive,invest in better public transit
35001,35001,Ajax,Mark,Holland,Mark.Holland@parl.gc.ca,Liberal,over an hour,drive,invest in regional and express commuter rail
24004,24004,Alfred-Pellan,Angelo,Iacono,Angelo.Iacono@parl.gc.ca,Liberal,around 30 minutes,drive,invest in better public transit
35002,35002,Algoma--Manitoulin--Kapuskasing,Carol,Hughes,Carol.Hughes@parl.gc.ca,NDP,around 15 minutes,drive,"invest in active transportation infrastructure such as seperated bike lanes, sidewalks, and recreational trails"
24005,24005,Argenteuil--La Petite-Nation,St‚phane,Lauzon,St‚phane.Lauzon@parl.gc.ca,Liberal,around 15 minutes,drive,"invest in active transportation infrastructure such as seperated bike lanes, sidewalks, and recreational trails"
35003,35003,Aurora--Oak Ridges--Richmond Hill,Leona,Alleslev,Leona.Alleslev@parl.gc.ca,Conservative,around 45 minutes,drive,invest in regional and express commuter rail
10001,10001,Avalon,Ken,McDonald,Ken.McDonald@parl.gc.ca,Liberal,around 30 minutes,drive,invest in better public transit
24006,24006,Avignon--La Mitis--Matane--Matap‚dia,R‚mi,Mass‚,R‚mi.Mass‚@parl.gc.ca,Liberal,around 15 minutes,drive,"invest in active transportation infrastructure such as seperated bike lanes, sidewalks, and recreational trails"
48001,48001,Banff--Airdrie,Blake,Richards,Blake.Richards@parl.gc.ca,Conservative,around 15 minutes,drive,"invest in active transportation infrastructure such as seperated bike lanes, sidewalks, and recreational trails"
35004,35004,Barrie--Innisfil,John,Brassard,John.Brassard@parl.gc.ca,Conservative,around 30 minutes,drive,invest in better public transit
35005,35005,Barrie--Springwater--Oro-Medonte,Alexander,Nuttall,Alexander.Nuttall@parl.gc.ca,Conservative,around 30 minutes,drive,invest in better public transit
48002,48002,Battle River--Crowfoot,Kevin,Sorenson,Kevin.Sorenson@parl.gc.ca,Conservative,around 15 minutes,drive,"invest in active transportation infrastructure such as seperated bike lanes, sidewalks, and recreational trails"
47001,47001,Battlefords--Lloydminster,Rosemarie,Falk,Rosemarie.Falk@parl.gc.ca,Conservative,around 15 minutes,drive,"invest in active transportation infrastructure such as seperated bike lanes, sidewalks, and recreational trails"
35006,35006,Bay of Quinte / Baie de Quinte,Neil,Ellis,Neil.Ellis@parl.gc.ca,Liberal,around 15 minutes,drive,"invest in active transportation infrastructure such as seperated bike lanes, sidewalks, and recreational trails"
35007,35007,Beaches--East York,Nathaniel,Erskine-Smith,Nathaniel.Erskine-Smith@parl.gc.ca,Liberal,around 45 minutes,take transit,invest in regional and express commuter rail
24007,24007,Beauce,Maxime,Bernier,Maxime.Bernier@parl.gc.ca,People's Party,around 15 minutes,drive,"invest in active transportation infrastructure such as seperated bike lanes, sidewalks, and recreational trails"
24020,24020,Beauport--C“te-de-Beaupr‚--×le d'Orl‚ans--Charlevoix,Sylvie,Boucher,Sylvie.Boucher@parl.gc.ca,Conservative,around 30 minutes,drive,invest in better public transit
24008,24008,Beauport--Limoilou,Alupa,Clarke,Alupa.Clarke@parl.gc.ca,Conservative,around 30 minutes,drive,invest in better public transit
13002,13002,Beaus‚jour,Dominic,LeBlanc,Dominic.LeBlanc@parl.gc.ca,Liberal,around 30 minutes,drive,invest in better public transit
24009,24009,B‚cancour--Nicolet--Saurel,Louis,Plamondon,Louis.Plamondon@parl.gc.ca,Bloc Qu‚b‚cois,around 15 minutes,drive,"invest in active transportation infrastructure such as seperated bike lanes, sidewalks, and recreational trails"
24010,24010,Bellechasse--Les Etchemins--L‚vis,Steven,Blaney,Steven.Blaney@parl.gc.ca,Conservative,around 15 minutes,drive,"invest in active transportation infrastructure such as seperated bike lanes, sidewalks, and recreational trails"
24011,24011,Beloeil--Chambly,Matthew,Dub‚,Matthew.Dub‚@parl.gc.ca,NDP,around 30 minutes,drive,invest in better public transit
24012,24012,Berthier--Maskinong‚,Ruth Ellen,Brosseau,Ruth Ellen.Brosseau@parl.gc.ca,NDP,around 30 minutes,drive,invest in better public transit
10002,10002,Bonavista--Burin--Trinity,Churence,Rogers,Churence.Rogers@parl.gc.ca,Liberal,around 15 minutes,drive,"invest in active transportation infrastructure such as seperated bike lanes, sidewalks, and recreational trails"
24015,24015,Bourassa,Emmanuel,Dubourg,Emmanuel.Dubourg@parl.gc.ca,Liberal,around 30 minutes,drive,invest in better public transit
48003,48003,Bow River,Martin,Shields,Martin.Shields@parl.gc.ca,Conservative,around 15 minutes,drive,"invest in active transportation infrastructure such as seperated bike lanes, sidewalks, and recreational trails"
35008,35008,Brampton Centre / Brampton-Centre,Ramesh,Sangha,Ramesh.Sangha@parl.gc.ca,Liberal,around 30 minutes,drive,invest in better public transit
35009,35009,Brampton East / Brampton-Est,Raj,Grewal,Raj.Grewal@parl.gc.ca,Independent,around 30 minutes,drive,invest in better public transit
35010,35010,Brampton North / Brampton-Nord,Ruby,Sahota,Ruby.Sahota@parl.gc.ca,Liberal,around 30 minutes,drive,invest in better public transit
35011,35011,Brampton South / Brampton-Sud,Sonia,Sidhu,Sonia.Sidhu@parl.gc.ca,Liberal,around 30 minutes,drive,invest in better public transit
35012,35012,Brampton West / Brampton-Ouest,Kamal,Khera,Kamal.Khera@parl.gc.ca,Liberal,around 45 minutes,drive,invest in regional and express commuter rail
46001,46001,Brandon--Souris,Larry,Maguire,Larry.Maguire@parl.gc.ca,Conservative,around 15 minutes,drive,"invest in active transportation infrastructure such as seperated bike lanes, sidewalks, and recreational trails"
35013,35013,Brantford--Brant,Phil,McColeman,Phil.McColeman@parl.gc.ca,Conservative,around 15 minutes,drive,"invest in active transportation infrastructure such as seperated bike lanes, sidewalks, and recreational trails"
24016,24016,Brome--Missisquoi,Denis,Paradis,Denis.Paradis@parl.gc.ca,Liberal,around 15 minutes,drive,"invest in active transportation infrastructure such as seperated bike lanes, sidewalks, and recreational trails"
24017,24017,Brossard--Saint-Lambert,Alexandra,MendŠs,Alexandra.MendŠs@parl.gc.ca,Liberal,around 30 minutes,drive,invest in better public transit
35014,35014,Bruce--Grey--Owen Sound,Larry,Miller,Larry.Miller@parl.gc.ca,Conservative,around 15 minutes,drive,"invest in active transportation infrastructure such as seperated bike lanes, sidewalks, and recreational trails"
35015,35015,Burlington,Karina,Gould,Karina.Gould@parl.gc.ca,Liberal,around 30 minutes,drive,invest in better public transit
59002,59002,Burnaby North--Seymour / Burnaby-Nord--Seymour,Terry,Beech,Terry.Beech@parl.gc.ca,Liberal,around 30 minutes,drive,invest in better public transit
59003,59003,Burnaby South / Burnaby-Sud,Jagmeet,Singh,Jagmeet.Singh@parl.gc.ca,NDP,around 45 minutes,drive,invest in regional and express commuter rail
48004,48004,Calgary Centre / Calgary-Centre,Kent,Hehr,Kent.Hehr@parl.gc.ca,Liberal,around 30 minutes,drive,invest in better public transit
48005,48005,Calgary Confederation,Len,Webber,Len.Webber@parl.gc.ca,Conservative,around 30 minutes,drive,invest in better public transit
48006,48006,Calgary Forest Lawn,Deepak,Obhrai,Deepak.Obhrai@parl.gc.ca,Conservative,around 30 minutes,drive,invest in better public transit
48007,48007,Calgary Heritage,Bob,Benzen,Bob.Benzen@parl.gc.ca,Conservative,around 30 minutes,drive,invest in better public transit
48008,48008,Calgary Midnapore,Stephanie,Kusie,Stephanie.Kusie@parl.gc.ca,Conservative,around 30 minutes,drive,invest in better public transit
48009,48009,Calgary Nose Hill,Michelle,Rempel,Michelle.Rempel@parl.gc.ca,Conservative,around 30 minutes,drive,invest in better public transit
48010,48010,Calgary Rocky Ridge,Pat,Kelly,Pat.Kelly@parl.gc.ca,Conservative,around 30 minutes,drive,invest in better public transit
48011,48011,Calgary Shepard,Tom,Kmiec,Tom.Kmiec@parl.gc.ca,Conservative,around 30 minutes,drive,invest in better public transit
48012,48012,Calgary Signal Hill,Ron,Liepert,Ron.Liepert@parl.gc.ca,Conservative,around 30 minutes,drive,invest in better public transit
48013,48013,Calgary Skyview,Darshan Singh,Kang,Darshan Singh.Kang@parl.gc.ca,Independent,around 30 minutes,drive,invest in better public transit
35016,35016,Cambridge,Bryan,May,Bryan.May@parl.gc.ca,Liberal,around 30 minutes,drive,invest in better public transit
12001,12001,Cape Breton--Canso,Rodger,Cuzner,Rodger.Cuzner@parl.gc.ca,Liberal,around 15 minutes,drive,"invest in active transportation infrastructure such as seperated bike lanes, sidewalks, and recreational trails"
11001,11001,Cardigan,Lawrence,MacAulay,Lawrence.MacAulay@parl.gc.ca,Liberal,around 30 minutes,drive,invest in better public transit
59004,59004,Cariboo--Prince George,Todd,Doherty,Todd.Doherty@parl.gc.ca,Conservative,around 15 minutes,drive,"invest in active transportation infrastructure such as seperated bike lanes, sidewalks, and recreational trails"
35088,35088,Carleton,Pierre,Poilievre,Pierre.Poilievre@parl.gc.ca,Conservative,around 30 minutes,drive,invest in better public transit
47004,47004,Carlton Trail--Eagle Creek /Sentier Carlton--Eagle Creek,Kelly,Block,Kelly.Block@parl.gc.ca,Conservative,around 15 minutes,drive,"invest in active transportation infrastructure such as seperated bike lanes, sidewalks, and recreational trails"
12002,12002,Central Nova / Nova-Centre,Sean,Fraser,Sean.Fraser@parl.gc.ca,Liberal,around 15 minutes,drive,"invest in active transportation infrastructure such as seperated bike lanes, sidewalks, and recreational trails"
59005,59005,Central Okanagan--Similkameen--Nicola,Dan,Albas,Dan.Albas@parl.gc.ca,Conservative,around 15 minutes,drive,"invest in active transportation infrastructure such as seperated bike lanes, sidewalks, and recreational trails"
24019,24019,Charlesbourg--Haute-Saint-Charles,Pierre,Paul-Hus,Pierre.Paul-Hus@parl.gc.ca,Conservative,around 30 minutes,drive,invest in better public transit
46002,46002,Charleswood--St. James--Assiniboia--Headingley,Doug,Eyolfson,Doug.Eyolfson@parl.gc.ca,Liberal,around 30 minutes,drive,invest in better public transit
11002,11002,Charlottetown,Sean,Casey,Sean.Casey@parl.gc.ca,Liberal,around 15 minutes,drive,"invest in active transportation infrastructure such as seperated bike lanes, sidewalks, and recreational trails"
24021,24021,Chƒteauguay--Lacolle,Brenda,Shanahan,Brenda.Shanahan@parl.gc.ca,Liberal,around 15 minutes,drive,"invest in active transportation infrastructure such as seperated bike lanes, sidewalks, and recreational trails"
35017,35017,Chatham-Kent--Leamington,Dave,Van Kesteren,Dave.Van Kesteren@parl.gc.ca,Conservative,around 15 minutes,drive,"invest in active transportation infrastructure such as seperated bike lanes, sidewalks, and recreational trails"
24022,24022,Chicoutimi--Le Fjord,Richard,Martel,Richard.Martel@parl.gc.ca,Conservative,around 15 minutes,drive,"invest in active transportation infrastructure such as seperated bike lanes, sidewalks, and recreational trails"
59006,59006,Chilliwack--Hope,Mark,Strahl,Mark.Strahl@parl.gc.ca,Conservative,around 15 minutes,drive,"invest in active transportation infrastructure such as seperated bike lanes, sidewalks, and recreational trails"
46003,46003,Churchill--Keewatinook Aski,Niki,Ashton,Niki.Ashton@parl.gc.ca,NDP,around 15 minutes,drive,"invest in active transportation infrastructure such as seperated bike lanes, sidewalks, and recreational trails"
59007,59007,Cloverdale--Langley City,John,Aldag,John.Aldag@parl.gc.ca,Liberal,around 30 minutes,drive,invest in better public transit
10003,10003,Coast of Bays--Central--Notre Dame,Scott,Simms,Scott.Simms@parl.gc.ca,Liberal,around 15 minutes,drive,"invest in active transportation infrastructure such as seperated bike lanes, sidewalks, and recreational trails"
24023,24023,Compton--Stanstead,Marie-Claude,Bibeau,Marie-Claude.Bibeau@parl.gc.ca,Liberal,around 30 minutes,drive,invest in better public transit
59008,59008,Coquitlam--Port Coquitlam,Ron,McKinnon,Ron.McKinnon@parl.gc.ca,Liberal,around 30 minutes,drive,invest in better public transit
59009,59009,Courtenay--Alberni,Gord,Johns,Gord.Johns@parl.gc.ca,NDP,around 15 minutes,drive,"invest in active transportation infrastructure such as seperated bike lanes, sidewalks, and recreational trails"
59010,59010,Cowichan--Malahat--Langford,Alistair,MacGregor,Alistair.MacGregor@parl.gc.ca,NDP,around 15 minutes,drive,"invest in active transportation infrastructure such as seperated bike lanes, sidewalks, and recreational trails"
12003,12003,Cumberland--Colchester,Bill,Casey,Bill.Casey@parl.gc.ca,Liberal,around 15 minutes,drive,"invest in active transportation infrastructure such as seperated bike lanes, sidewalks, and recreational trails"
47002,47002,Cypress Hills--Grasslands,David,Anderson,David.Anderson@parl.gc.ca,Conservative,around 15 minutes,drive,"invest in active transportation infrastructure such as seperated bike lanes, sidewalks, and recreational trails"
12004,12004,Dartmouth--Cole Harbour,Darren,Fisher,Darren.Fisher@parl.gc.ca,Liberal,around 30 minutes,drive,invest in better public transit
46004,46004,Dauphin--Swan River--Neepawa,Robert,Sopuck,Robert.Sopuck@parl.gc.ca,Conservative,around 15 minutes,drive,"invest in active transportation infrastructure such as seperated bike lanes, sidewalks, and recreational trails"
35018,35018,Davenport,Julie,Dzerowicz,Julie.Dzerowicz@parl.gc.ca,Liberal,around 45 minutes,take transit,invest in regional and express commuter rail
59011,59011,Delta,Carla,Qualtrough,Carla.Qualtrough@parl.gc.ca,Liberal,around 30 minutes,drive,invest in better public transit
47003,47003,Desneth‚--Missinippi--Churchill River / Desneth‚--Missinippi--RiviŠre Churchill,Georgina,Jolibois,Georgina.Jolibois@parl.gc.ca,NDP,around 15 minutes,drive,"invest in active transportation infrastructure such as seperated bike lanes, sidewalks, and recreational trails"
35019,35019,Don Valley East / Don Valley-Est,Yasmin,Ratansi,Yasmin.Ratansi@parl.gc.ca,Liberal,around 30 minutes,drive,invest in better public transit
35020,35020,Don Valley North / Don Valley-Nord,Geng,Tan,Geng.Tan@parl.gc.ca,Liberal,around 45 minutes,drive,invest in regional and express commuter rail
35021,35021,Don Valley West / Don Valley-Ouest,Robert,Oliphant,Robert.Oliphant@parl.gc.ca,Liberal,around 45 minutes,drive,invest in regional and express commuter rail
24024,24024,Dorval--Lachine--LaSalle,Anju,Dhillon,Anju.Dhillon@parl.gc.ca,Liberal,around 30 minutes,drive,invest in better public transit
24025,24025,Drummond,Fran‡ois,Choquette,Fran‡ois.Choquette@parl.gc.ca,NDP,around 15 minutes,drive,"invest in active transportation infrastructure such as seperated bike lanes, sidewalks, and recreational trails"
35022,35022,Dufferin--Caledon,David,Tilson,David.Tilson@parl.gc.ca,Conservative,around 45 minutes,drive,invest in regional and express commuter rail
35023,35023,Durham,Erin,O'Toole,Erin.O'Toole@parl.gc.ca,Conservative,around 30 minutes,drive,invest in better public transit
48014,48014,Edmonton Centre / Edmonton-Centre,Randy,Boissonnault,Randy.Boissonnault@parl.gc.ca,Liberal,around 30 minutes,drive,invest in better public transit
48015,48015,Edmonton Griesbach,Kerry,Diotte,Kerry.Diotte@parl.gc.ca,Conservative,around 30 minutes,drive,invest in better public transit
48016,48016,Edmonton Manning,Ziad,Aboultaif,Ziad.Aboultaif@parl.gc.ca,Conservative,around 30 minutes,drive,invest in better public transit
48017,48017,Edmonton Mill Woods,Amarjeet,Sohi,Amarjeet.Sohi@parl.gc.ca,Liberal,around 30 minutes,drive,invest in better public transit
48018,48018,Edmonton Riverbend,Matt,Jeneroux,Matt.Jeneroux@parl.gc.ca,Conservative,around 30 minutes,drive,invest in better public transit
48019,48019,Edmonton Strathcona,Linda,Duncan,Linda.Duncan@parl.gc.ca,NDP,around 30 minutes,drive,invest in better public transit
48020,48020,Edmonton West / Edmonton-Ouest,Kelly,McCauley,Kelly.McCauley@parl.gc.ca,Conservative,around 30 minutes,drive,invest in better public transit
48021,48021,Edmonton--Wetaskiwin,Mike,Lake,Mike.Lake@parl.gc.ca,Conservative,around 30 minutes,drive,invest in better public transit
35024,35024,Eglinton--Lawrence,Marco,Mendicino,Marco.Mendicino@parl.gc.ca,Liberal,around 45 minutes,drive,invest in regional and express commuter rail
11003,11003,Egmont,Robert,Morrissey,Robert.Morrissey@parl.gc.ca,Liberal,around 15 minutes,drive,"invest in active transportation infrastructure such as seperated bike lanes, sidewalks, and recreational trails"
35025,35025,Elgin--Middlesex--London,Karen,Vecchio,Karen.Vecchio@parl.gc.ca,Conservative,around 15 minutes,drive,"invest in active transportation infrastructure such as seperated bike lanes, sidewalks, and recreational trails"
46005,46005,Elmwood--Transcona,Daniel,Blaikie,Daniel.Blaikie@parl.gc.ca,NDP,around 30 minutes,drive,invest in better public transit
59026,59026,Esquimalt--Saanich--Sooke,Randall,Garrison,Randall.Garrison@parl.gc.ca,NDP,around 30 minutes,drive,invest in better public transit
35026,35026,Essex,Tracey,Ramsey,Tracey.Ramsey@parl.gc.ca,NDP,around 30 minutes,drive,invest in better public transit
35027,35027,Etobicoke Centre / Etobicoke-Centre,Borys,Wrzesnewskyj,Borys.Wrzesnewskyj@parl.gc.ca,Liberal,around 30 minutes,drive,invest in better public transit
35029,35029,Etobicoke North / Etobicoke-Nord,Kirsty,Duncan,Kirsty.Duncan@parl.gc.ca,Liberal,around 30 minutes,drive,invest in better public transit
35028,35028,Etobicoke--Lakeshore,James,Maloney,James.Maloney@parl.gc.ca,Liberal,around 45 minutes,drive,invest in regional and express commuter rail
35030,35030,Flamborough--Glanbrook,David,Sweet,David.Sweet@parl.gc.ca,Conservative,around 30 minutes,drive,invest in better public transit
59012,59012,Fleetwood--Port Kells,Ken,Hardie,Ken.Hardie@parl.gc.ca,Liberal,around 30 minutes,drive,invest in better public transit
48022,48022,Foothills,John,Barlow,John.Barlow@parl.gc.ca,Conservative,around 15 minutes,drive,"invest in active transportation infrastructure such as seperated bike lanes, sidewalks, and recreational trails"
48023,48023,Fort McMurray--Cold Lake,David,Yurdiga,David.Yurdiga@parl.gc.ca,Conservative,around 15 minutes,drive,"invest in active transportation infrastructure such as seperated bike lanes, sidewalks, and recreational trails"
13003,13003,Fredericton,Matt,DeCourcey,Matt.DeCourcey@parl.gc.ca,Liberal,around 15 minutes,drive,"invest in active transportation infrastructure such as seperated bike lanes, sidewalks, and recreational trails"
13004,13004,Fundy Royal,Alaina,Lockhart,Alaina.Lockhart@parl.gc.ca,Liberal,around 30 minutes,drive,invest in better public transit
24026,24026,Gasp‚sie--Les ×les-de-la-Madeleine,Diane,Lebouthillier,Diane.Lebouthillier@parl.gc.ca,Liberal,around 15 minutes,drive,"invest in active transportation infrastructure such as seperated bike lanes, sidewalks, and recreational trails"
24027,24027,Gatineau,Steven,MacKinnon,Steven.MacKinnon@parl.gc.ca,Liberal,around 30 minutes,drive,invest in better public transit
35031,35031,Glengarry--Prescott--Russell,Francis,Drouin,Francis.Drouin@parl.gc.ca,Liberal,around 15 minutes,drive,"invest in active transportation infrastructure such as seperated bike lanes, sidewalks, and recreational trails"
48024,48024,Grande Prairie--Mackenzie,Chris,Warkentin,Chris.Warkentin@parl.gc.ca,Conservative,around 15 minutes,drive,"invest in active transportation infrastructure such as seperated bike lanes, sidewalks, and recreational trails"
35032,35032,Guelph,Lloyd,Longfield,Lloyd.Longfield@parl.gc.ca,Liberal,around 15 minutes,drive,"invest in active transportation infrastructure such as seperated bike lanes, sidewalks, and recreational trails"
35033,35033,Haldimand--Norfolk,Diane,Finley,Diane.Finley@parl.gc.ca,Conservative,around 15 minutes,drive,"invest in active transportation infrastructure such as seperated bike lanes, sidewalks, and recreational trails"
35034,35034,Haliburton--Kawartha Lakes--Brock,Jamie,Schmale,Jamie.Schmale@parl.gc.ca,Conservative,around 30 minutes,drive,invest in better public transit
12005,12005,Halifax,Andy,Fillmore,Andy.Fillmore@parl.gc.ca,Liberal,around 30 minutes,drive,invest in better public transit
12006,12006,Halifax West / Halifax-Ouest,Geoff,Regan,Geoff.Regan@parl.gc.ca,Liberal,around 30 minutes,drive,invest in better public transit
35035,35035,Hamilton Centre / Hamilton-Centre,David,Christopherson,David.Christopherson@parl.gc.ca,NDP,around 30 minutes,drive,invest in better public transit
35036,35036,Hamilton East--Stoney Creek / Hamilton-Est--Stoney Creek,Bob,Bratina,Bob.Bratina@parl.gc.ca,Liberal,around 30 minutes,drive,invest in better public transit
35037,35037,Hamilton Mountain,Scott,Duvall,Scott.Duvall@parl.gc.ca,NDP,around 30 minutes,drive,invest in better public transit
35038,35038,Hamilton West--Ancaster--Dundas / Hamilton-Ouest--Ancaster--Dundas,Filomena,Tassi,Filomena.Tassi@parl.gc.ca,Liberal,around 30 minutes,drive,invest in better public transit
35039,35039,Hastings--Lennox and Addington,Mike,Bossio,Mike.Bossio@parl.gc.ca,Liberal,around 30 minutes,drive,invest in better public transit
24028,24028,Hochelaga,Marjolaine,Boutin-Sweet,Marjolaine.Boutin-Sweet@parl.gc.ca,NDP,around 45 minutes,take transit,invest in regional and express commuter rail
24029,24029,Honor‚-Mercier,Pablo,Rodriguez,Pablo.Rodriguez@parl.gc.ca,Liberal,around 30 minutes,drive,invest in better public transit
24030,24030,Hull--Aylmer,Greg,Fergus,Greg.Fergus@parl.gc.ca,Liberal,around 30 minutes,drive,invest in better public transit
35121,35121,Humber River--Black Creek,Judy A.,Sgro,Judy A..Sgro@parl.gc.ca,Liberal,around 30 minutes,drive,invest in better public transit
35040,35040,Huron--Bruce,Ben,Lobb,Ben.Lobb@parl.gc.ca,Conservative,around 15 minutes,drive,"invest in active transportation infrastructure such as seperated bike lanes, sidewalks, and recreational trails"
24031,24031,Joliette,Gabriel,Ste-Marie,Gabriel.Ste-Marie@parl.gc.ca,Bloc Qu‚b‚cois,around 15 minutes,drive,"invest in active transportation infrastructure such as seperated bike lanes, sidewalks, and recreational trails"
24032,24032,JonquiŠre,Karine,Trudel,Karine.Trudel@parl.gc.ca,NDP,around 15 minutes,drive,"invest in active transportation infrastructure such as seperated bike lanes, sidewalks, and recreational trails"
59013,59013,Kamloops--Thompson--Cariboo,Cathy,McLeod,Cathy.McLeod@parl.gc.ca,Conservative,around 15 minutes,drive,"invest in active transportation infrastructure such as seperated bike lanes, sidewalks, and recreational trails"
35041,35041,Kanata--Carleton,Karen,McCrimmon,Karen.McCrimmon@parl.gc.ca,Liberal,around 30 minutes,drive,invest in better public transit
59014,59014,Kelowna--Lake Country,Stephen,Fuhr,Stephen.Fuhr@parl.gc.ca,Liberal,around 30 minutes,drive,invest in better public transit
35042,35042,Kenora,Robert,Nault,Robert.Nault@parl.gc.ca,Liberal,around 15 minutes,drive,"invest in active transportation infrastructure such as seperated bike lanes, sidewalks, and recreational trails"
46006,46006,Kildonan--St. Paul,MaryAnn,Mihychuk,MaryAnn.Mihychuk@parl.gc.ca,Liberal,around 30 minutes,drive,invest in better public transit
12007,12007,Kings--Hants,Vacant,Vacant,Vacant.Vacant@parl.gc.ca,Vacant,around 15 minutes,drive,"invest in active transportation infrastructure such as seperated bike lanes, sidewalks, and recreational trails"
35044,35044,Kingston and the Islands / Kingston et les ×les,Mark,Gerretsen,Mark.Gerretsen@parl.gc.ca,Liberal,around 30 minutes,drive,invest in better public transit
35043,35043,King--Vaughan,Deborah,Schulte,Deborah.Schulte@parl.gc.ca,Liberal,around 45 minutes,drive,invest in regional and express commuter rail
35045,35045,Kitchener Centre / Kitchener-Centre,Raj,Saini,Raj.Saini@parl.gc.ca,Liberal,around 30 minutes,drive,invest in better public transit
35047,35047,Kitchener South--Hespeler / Kitchener-Sud--Hespeler,Marwan,Tabbara,Marwan.Tabbara@parl.gc.ca,Liberal,around 30 minutes,drive,invest in better public transit
35046,35046,Kitchener--Conestoga,Harold,Albrecht,Harold.Albrecht@parl.gc.ca,Conservative,around 30 minutes,drive,invest in better public transit
59015,59015,Kootenay--Columbia,Wayne,Stetski,Wayne.Stetski@parl.gc.ca,NDP,around 15 minutes,drive,"invest in active transportation infrastructure such as seperated bike lanes, sidewalks, and recreational trails"
24033,24033,La Pointe-de-l'×le,Mario,Beaulieu,Mario.Beaulieu@parl.gc.ca,Bloc Qu‚b‚cois,around 30 minutes,drive,invest in better public transit
24034,24034,La Prairie,Jean-Claude,Poissant,Jean-Claude.Poissant@parl.gc.ca,Liberal,around 30 minutes,drive,invest in better public transit
10004,10004,Labrador,Yvonne,Jones,Yvonne.Jones@parl.gc.ca,Liberal,around 15 minutes,drive,"invest in active transportation infrastructure such as seperated bike lanes, sidewalks, and recreational trails"
24035,24035,Lac-Saint-Jean,Richard,H‚bert,Richard.H‚bert@parl.gc.ca,Liberal,around 15 minutes,drive,"invest in active transportation infrastructure such as seperated bike lanes, sidewalks, and recreational trails"
24036,24036,Lac-Saint-Louis,Francis,Scarpaleggia,Francis.Scarpaleggia@parl.gc.ca,Liberal,around 30 minutes,drive,invest in better public transit
48025,48025,Lakeland,Shannon,Stubbs,Shannon.Stubbs@parl.gc.ca,Conservative,around 15 minutes,drive,"invest in active transportation infrastructure such as seperated bike lanes, sidewalks, and recreational trails"
35048,35048,Lambton--Kent--Middlesex,Bev,Shipley,Bev.Shipley@parl.gc.ca,Conservative,around 15 minutes,drive,"invest in active transportation infrastructure such as seperated bike lanes, sidewalks, and recreational trails"
35049,35049,Lanark--Frontenac--Kingston,Scott,Reid,Scott.Reid@parl.gc.ca,Conservative,around 30 minutes,drive,invest in better public transit
59016,59016,Langley--Aldergrove,Mark,Warawa,Mark.Warawa@parl.gc.ca,Conservative,around 30 minutes,drive,invest in better public transit
24037,24037,LaSalle--mard--Verdun,David,Lametti,David.Lametti@parl.gc.ca,Liberal,around 45 minutes,take transit,invest in regional and express commuter rail
24038,24038,Laurentides--Labelle,David de Burgh,Graham,David de Burgh.Graham@parl.gc.ca,Liberal,around 15 minutes,drive,"invest in active transportation infrastructure such as seperated bike lanes, sidewalks, and recreational trails"
24039,24039,Laurier--Sainte-Marie,H‚lŠne,LaverdiŠre,H‚lŠne.LaverdiŠre@parl.gc.ca,NDP,around 30 minutes,take transit,invest in better public transit
24040,24040,Laval--Les ×les,Fay‡al,El-Khoury,Fay‡al.El-Khoury@parl.gc.ca,Liberal,around 30 minutes,drive,invest in better public transit
35050,35050,Leeds-Grenville-Thousand Islands and Rideau Lakes / Leeds-Grenville-Thousand Islands et Rideau Lakes,Michael,Barrett,Michael.Barrett@parl.gc.ca,Conservative,around 15 minutes,drive,"invest in active transportation infrastructure such as seperated bike lanes, sidewalks, and recreational trails"
48026,48026,Lethbridge,Rachael,Harder,Rachael.Harder@parl.gc.ca,Conservative,around 15 minutes,drive,"invest in active transportation infrastructure such as seperated bike lanes, sidewalks, and recreational trails"
24042,24042,L‚vis--LotbiniŠre,Jacques,Gourde,Jacques.Gourde@parl.gc.ca,Conservative,around 30 minutes,drive,invest in better public transit
35052,35052,London North Centre / London-Centre-Nord,Peter,Fragiskatos,Peter.Fragiskatos@parl.gc.ca,Liberal,around 30 minutes,drive,invest in better public transit
35053,35053,London West / London-Ouest,Kate,Young,Kate.Young@parl.gc.ca,Liberal,around 30 minutes,drive,invest in better public transit
35051,35051,London--Fanshawe,Irene,Mathyssen,Irene.Mathyssen@parl.gc.ca,NDP,around 30 minutes,drive,invest in better public transit
10005,10005,Long Range Mountains,Gudie,Hutchings,Gudie.Hutchings@parl.gc.ca,Liberal,around 15 minutes,drive,"invest in active transportation infrastructure such as seperated bike lanes, sidewalks, and recreational trails"
24041,24041,Longueuil--Charles-LeMoyne,Sherry,Romanado,Sherry.Romanado@parl.gc.ca,Liberal,around 30 minutes,drive,invest in better public transit
24043,24043,Longueuil--Saint-Hubert,Pierre,Nantel,Pierre.Nantel@parl.gc.ca,NDP,around 30 minutes,drive,invest in better public transit
24044,24044,Louis-H‚bert,Jo‰l,Lightbound,Jo‰l.Lightbound@parl.gc.ca,Liberal,around 30 minutes,drive,invest in better public transit
24045,24045,Louis-Saint-Laurent,G‚rard,Deltell,G‚rard.Deltell@parl.gc.ca,Conservative,around 30 minutes,drive,invest in better public transit
13005,13005,Madawaska--Restigouche,Ren‚,Arseneault,Ren‚.Arseneault@parl.gc.ca,Liberal,around 15 minutes,drive,"invest in active transportation infrastructure such as seperated bike lanes, sidewalks, and recreational trails"
11004,11004,Malpeque,Wayne,Easter,Wayne.Easter@parl.gc.ca,Liberal,around 30 minutes,drive,invest in better public transit
24046,24046,Manicouagan,MarilŠne,Gill,MarilŠne.Gill@parl.gc.ca,Bloc Qu‚b‚cois,around 15 minutes,drive,"invest in active transportation infrastructure such as seperated bike lanes, sidewalks, and recreational trails"
24065,24065,Marc-AurŠle-Fortin,Yves,Robillard,Yves.Robillard@parl.gc.ca,Liberal,around 30 minutes,drive,invest in better public transit
35054,35054,Markham--Stouffville,Jane,Philpott,Jane.Philpott@parl.gc.ca,Liberal,around 45 minutes,drive,invest in regional and express commuter rail
35055,35055,Markham--Thornhill,Mary,Ng,Mary.Ng@parl.gc.ca,Liberal,around 30 minutes,drive,invest in better public transit
35056,35056,Markham--Unionville,Bob,Saroya,Bob.Saroya@parl.gc.ca,Conservative,around 30 minutes,drive,invest in better public transit
48027,48027,Medicine Hat--Cardston--Warner,Glen,Motz,Glen.Motz@parl.gc.ca,Conservative,around 15 minutes,drive,"invest in active transportation infrastructure such as seperated bike lanes, sidewalks, and recreational trails"
24047,24047,M‚gantic--L'rable,Luc,Berthold,Luc.Berthold@parl.gc.ca,Conservative,around 15 minutes,drive,"invest in active transportation infrastructure such as seperated bike lanes, sidewalks, and recreational trails"
35057,35057,Milton,Lisa,Raitt,Lisa.Raitt@parl.gc.ca,Conservative,around 45 minutes,drive,invest in regional and express commuter rail
24048,24048,Mirabel,Simon,Marcil,Simon.Marcil@parl.gc.ca,Bloc Qu‚b‚cois,around 30 minutes,drive,invest in better public transit
13006,13006,Miramichi--Grand Lake,Pat,Finnigan,Pat.Finnigan@parl.gc.ca,Liberal,around 15 minutes,drive,"invest in active transportation infrastructure such as seperated bike lanes, sidewalks, and recreational trails"
59017,59017,Mission--Matsqui--Fraser Canyon,Jati,Sidhu,Jati.Sidhu@parl.gc.ca,Liberal,around 15 minutes,drive,"invest in active transportation infrastructure such as seperated bike lanes, sidewalks, and recreational trails"
35058,35058,Mississauga Centre / Mississauga-Centre,Omar,Alghabra,Omar.Alghabra@parl.gc.ca,Liberal,around 30 minutes,drive,invest in better public transit
35059,35059,Mississauga East--Cooksville / Mississauga-Est--Cooksville,Peter,Fonseca,Peter.Fonseca@parl.gc.ca,Liberal,around 30 minutes,drive,invest in better public transit
35060,35060,Mississauga--Erin Mills,Iqra,Khalid,Iqra.Khalid@parl.gc.ca,Liberal,around 30 minutes,drive,invest in better public transit
35061,35061,Mississauga--Lakeshore,Sven,Spengemann,Sven.Spengemann@parl.gc.ca,Liberal,around 30 minutes,drive,invest in better public transit
35062,35062,Mississauga--Malton,Navdeep,Bains,Navdeep.Bains@parl.gc.ca,Liberal,around 30 minutes,drive,invest in better public transit
35063,35063,Mississauga--Streetsville,Gagan,Sikand,Gagan.Sikand@parl.gc.ca,Liberal,around 30 minutes,drive,invest in better public transit
13007,13007,Moncton--Riverview--Dieppe,Ginette,Petitpas Taylor,Ginette.Petitpas Taylor@parl.gc.ca,Liberal,around 15 minutes,drive,"invest in active transportation infrastructure such as seperated bike lanes, sidewalks, and recreational trails"
24049,24049,Montarville,Michel,Picard,Michel.Picard@parl.gc.ca,Liberal,around 30 minutes,drive,invest in better public transit
24050,24050,Montcalm,Luc,Th‚riault,Luc.Th‚riault@parl.gc.ca,Bloc Qu‚b‚cois,around 30 minutes,drive,invest in better public transit
24051,24051,Montmagny--L'Islet--Kamouraska--RiviŠre-du-Loup,Bernard,G‚n‚reux,Bernard.G‚n‚reux@parl.gc.ca,Conservative,around 15 minutes,drive,"invest in active transportation infrastructure such as seperated bike lanes, sidewalks, and recreational trails"
24052,24052,Mont-Royal / Mount Royal,Anthony,Housefather,Anthony.Housefather@parl.gc.ca,Liberal,around 30 minutes,drive,invest in better public transit
47005,47005,Moose Jaw--Lake Centre--Lanigan,Tom,Lukiwski,Tom.Lukiwski@parl.gc.ca,Conservative,around 15 minutes,drive,"invest in active transportation infrastructure such as seperated bike lanes, sidewalks, and recreational trails"
59018,59018,Nanaimo--Ladysmith,Vacant,Vacant,Vacant.Vacant@parl.gc.ca,Vacant,around 15 minutes,drive,"invest in active transportation infrastructure such as seperated bike lanes, sidewalks, and recreational trails"
35064,35064,Nepean,Chandra,Arya,Chandra.Arya@parl.gc.ca,Liberal,around 30 minutes,drive,invest in better public transit
13008,13008,New Brunswick Southwest / Nouveau-Brunswick-Sud-Ouest,Karen,Ludwig,Karen.Ludwig@parl.gc.ca,Liberal,around 30 minutes,drive,invest in better public transit
59019,59019,New Westminster--Burnaby,Peter,Julian,Peter.Julian@parl.gc.ca,NDP,around 45 minutes,drive,invest in regional and express commuter rail
35065,35065,Newmarket--Aurora,Kyle,Peterson,Kyle.Peterson@parl.gc.ca,Liberal,around 15 minutes,drive,"invest in active transportation infrastructure such as seperated bike lanes, sidewalks, and recreational trails"
35066,35066,Niagara Centre / Niagara-Centre,Vance,Badawey,Vance.Badawey@parl.gc.ca,Liberal,around 30 minutes,drive,invest in better public transit
35067,35067,Niagara Falls,Rob,Nicholson,Rob.Nicholson@parl.gc.ca,Conservative,around 15 minutes,drive,"invest in active transportation infrastructure such as seperated bike lanes, sidewalks, and recreational trails"
35068,35068,Niagara West / Niagara-Ouest,Dean,Allison,Dean.Allison@parl.gc.ca,Conservative,around 30 minutes,drive,invest in better public transit
35069,35069,Nickel Belt,Marc,Serr‚,Marc.Serr‚@parl.gc.ca,Liberal,around 30 minutes,drive,invest in better public transit
35070,35070,Nipissing--Timiskaming,Anthony,Rota,Anthony.Rota@parl.gc.ca,Liberal,around 15 minutes,drive,"invest in active transportation infrastructure such as seperated bike lanes, sidewalks, and recreational trails"
59037,59037,North Island--Powell River,Rachel,Blaney,Rachel.Blaney@parl.gc.ca,NDP,around 15 minutes,drive,"invest in active transportation infrastructure such as seperated bike lanes, sidewalks, and recreational trails"
59020,59020,North Okanagan--Shuswap,Mel,Arnold,Mel.Arnold@parl.gc.ca,Conservative,around 15 minutes,drive,"invest in active transportation infrastructure such as seperated bike lanes, sidewalks, and recreational trails"
59021,59021,North Vancouver,Jonathan,Wilkinson,Jonathan.Wilkinson@parl.gc.ca,Liberal,around 30 minutes,drive,invest in better public transit
35071,35071,Northumberland--Peterborough South / Northumberland--Peterborough-Sud,Kim,Rudd,Kim.Rudd@parl.gc.ca,Liberal,around 15 minutes,drive,"invest in active transportation infrastructure such as seperated bike lanes, sidewalks, and recreational trails"
61001,61001,Northwest Territories / Territoires du Nord-Ouest,Michael,McLeod,Michael.McLeod@parl.gc.ca,Liberal,around 15 minutes,drive,"invest in active transportation infrastructure such as seperated bike lanes, sidewalks, and recreational trails"
24053,24053,Notre-Dame-de-Grƒce--Westmount,Marc,Garneau,Marc.Garneau@parl.gc.ca,Liberal,around 30 minutes,take transit,invest in better public transit
62001,62001,Nunavut,Hunter,Tootoo,Hunter.Tootoo@parl.gc.ca,Independent,around 15 minutes,walk or bike,"invest in active transportation infrastructure such as seperated bike lanes, sidewalks, and recreational trails"
35072,35072,Oakville,John,Oliver,John.Oliver@parl.gc.ca,Liberal,around 30 minutes,drive,invest in better public transit
35073,35073,Oakville North--Burlington / Oakville-Nord--Burlington,Pam,Damoff,Pam.Damoff@parl.gc.ca,Liberal,around 30 minutes,drive,invest in better public transit
35076,35076,Orl‚ans,Andrew,Leslie,Andrew.Leslie@parl.gc.ca,Liberal,around 30 minutes,drive,invest in better public transit
35074,35074,Oshawa,Colin,Carrie,Colin.Carrie@parl.gc.ca,Conservative,around 30 minutes,drive,invest in better public transit
35075,35075,Ottawa Centre / Ottawa-Centre,Catherine,McKenna,Catherine.McKenna@parl.gc.ca,Liberal,around 30 minutes,walk or bike,invest in better public transit
35077,35077,Ottawa South / Ottawa-Sud,David,McGuinty,David.McGuinty@parl.gc.ca,Liberal,around 30 minutes,drive,invest in better public transit
35079,35079,Ottawa West--Nepean / Ottawa-Ouest--Nepean,Anita,Vandenbeld,Anita.Vandenbeld@parl.gc.ca,Liberal,around 30 minutes,drive,invest in better public transit
35078,35078,Ottawa--Vanier,Mona,Fortier,Mona.Fortier@parl.gc.ca,Liberal,around 30 minutes,drive,invest in better public transit
24054,24054,Outremont,Rachel,Bendayan,Rachel.Bendayan@parl.gc.ca,Liberal,around 30 minutes,take transit,invest in better public transit
35080,35080,Oxford,Dave,MacKenzie,Dave.MacKenzie@parl.gc.ca,Conservative,around 15 minutes,drive,"invest in active transportation infrastructure such as seperated bike lanes, sidewalks, and recreational trails"
24055,24055,Papineau,Justin,Trudeau,Justin.Trudeau@parl.gc.ca,Liberal,around 45 minutes,take transit,invest in regional and express commuter rail
35081,35081,Parkdale--High Park,Arif,Virani,Arif.Virani@parl.gc.ca,Liberal,around 45 minutes,take transit,invest in regional and express commuter rail
35082,35082,Parry Sound--Muskoka,Tony,Clement,Tony.Clement@parl.gc.ca,Independent,around 15 minutes,drive,"invest in active transportation infrastructure such as seperated bike lanes, sidewalks, and recreational trails"
48028,48028,Peace River--Westlock,Arnold,Viersen,Arnold.Viersen@parl.gc.ca,Conservative,around 15 minutes,drive,"invest in active transportation infrastructure such as seperated bike lanes, sidewalks, and recreational trails"
35083,35083,Perth--Wellington,John,Nater,John.Nater@parl.gc.ca,Conservative,around 15 minutes,drive,"invest in active transportation infrastructure such as seperated bike lanes, sidewalks, and recreational trails"
35084,35084,Peterborough--Kawartha,Maryam,Monsef,Maryam.Monsef@parl.gc.ca,Liberal,around 15 minutes,drive,"invest in active transportation infrastructure such as seperated bike lanes, sidewalks, and recreational trails"
35085,35085,Pickering--Uxbridge,Jennifer,O'Connell,Jennifer.O'Connell@parl.gc.ca,Liberal,around 30 minutes,drive,invest in better public transit
24014,24014,Pierre-Boucher--Les Patriotes--VerchŠres,Xavier,Barsalou-Duval,Xavier.Barsalou-Duval@parl.gc.ca,Bloc Qu‚b‚cois,around 30 minutes,drive,invest in better public transit
24056,24056,Pierrefonds--Dollard,Frank,Baylis,Frank.Baylis@parl.gc.ca,Liberal,around 30 minutes,drive,invest in better public transit
59022,59022,Pitt Meadows--Maple Ridge,Dan,Ruimy,Dan.Ruimy@parl.gc.ca,Liberal,around 30 minutes,drive,invest in better public transit
24057,24057,Pontiac,William,Amos,William.Amos@parl.gc.ca,Liberal,around 30 minutes,drive,invest in better public transit
59023,59023,Port Moody--Coquitlam,Fin,Donnelly,Fin.Donnelly@parl.gc.ca,NDP,around 30 minutes,drive,invest in better public transit
46007,46007,Portage--Lisgar,Candice,Bergen,Candice.Bergen@parl.gc.ca,Conservative,around 15 minutes,drive,"invest in active transportation infrastructure such as seperated bike lanes, sidewalks, and recreational trails"
24058,24058,Portneuf--Jacques-Cartier,Jo‰l,Godin,Jo‰l.Godin@parl.gc.ca,Conservative,around 30 minutes,drive,invest in better public transit
47006,47006,Prince Albert,Randy,Hoback,Randy.Hoback@parl.gc.ca,Conservative,around 15 minutes,drive,"invest in active transportation infrastructure such as seperated bike lanes, sidewalks, and recreational trails"
59024,59024,Prince George--Peace River--Northern Rockies,Bob,Zimmer,Bob.Zimmer@parl.gc.ca,Conservative,around 15 minutes,drive,"invest in active transportation infrastructure such as seperated bike lanes, sidewalks, and recreational trails"
46008,46008,Provencher,Ted,Falk,Ted.Falk@parl.gc.ca,Conservative,around 15 minutes,drive,"invest in active transportation infrastructure such as seperated bike lanes, sidewalks, and recreational trails"
24059,24059,Qu‚bec,Jean-Yves,Duclos,Jean-Yves.Duclos@parl.gc.ca,Liberal,around 30 minutes,drive,invest in better public transit
48030,48030,Red Deer--Lacombe,Blaine,Calkins,Blaine.Calkins@parl.gc.ca,Conservative,around 15 minutes,drive,"invest in active transportation infrastructure such as seperated bike lanes, sidewalks, and recreational trails"
48029,48029,Red Deer--Mountain View,Earl,Dreeshen,Earl.Dreeshen@parl.gc.ca,Conservative,around 15 minutes,drive,"invest in active transportation infrastructure such as seperated bike lanes, sidewalks, and recreational trails"
47007,47007,Regina--Lewvan,Erin,Weir,Erin.Weir@parl.gc.ca,Co-operative Commonwealth Federation,around 30 minutes,drive,invest in better public transit
47008,47008,Regina--Qu'Appelle,Andrew,Scheer,Andrew.Scheer@parl.gc.ca,Conservative,around 30 minutes,drive,invest in better public transit
47009,47009,Regina--Wascana,Ralph,Goodale,Ralph.Goodale@parl.gc.ca,Liberal,around 30 minutes,drive,invest in better public transit
35086,35086,Renfrew--Nipissing--Pembroke,Cheryl,Gallant,Cheryl.Gallant@parl.gc.ca,Conservative,around 15 minutes,drive,"invest in active transportation infrastructure such as seperated bike lanes, sidewalks, and recreational trails"
24060,24060,Repentigny,Monique,Pauz‚,Monique.Pauz‚@parl.gc.ca,Bloc Qu‚b‚cois,around 30 minutes,drive,invest in better public transit
59025,59025,Richmond Centre / Richmond-Centre,Alice,Wong,Alice.Wong@parl.gc.ca,Conservative,around 30 minutes,drive,invest in better public transit
35087,35087,Richmond Hill,Majid,Jowhari,Majid.Jowhari@parl.gc.ca,Liberal,around 30 minutes,drive,invest in better public transit
24061,24061,Richmond--Arthabaska,Alain,Rayes,Alain.Rayes@parl.gc.ca,Conservative,around 15 minutes,drive,"invest in active transportation infrastructure such as seperated bike lanes, sidewalks, and recreational trails"
24018,24018,Rimouski-Neigette--T‚miscouata--Les Basques,Guy,Caron,Guy.Caron@parl.gc.ca,NDP,around 15 minutes,drive,"invest in active transportation infrastructure such as seperated bike lanes, sidewalks, and recreational trails"
24062,24062,RiviŠre-des-Mille-×les,Linda,Lapointe,Linda.Lapointe@parl.gc.ca,Liberal,around 30 minutes,drive,invest in better public transit
24063,24063,RiviŠre-du-Nord,Rh‚al,Fortin,Rh‚al.Fortin@parl.gc.ca,Bloc Qu‚b‚cois,around 30 minutes,drive,invest in better public transit
24064,24064,Rosemont--La Petite-Patrie,Alexandre,Boulerice,Alexandre.Boulerice@parl.gc.ca,NDP,around 45 minutes,take transit,invest in regional and express commuter rail
59027,59027,Saanich--Gulf Islands,Elizabeth,May,Elizabeth.May@parl.gc.ca,Green Party,around 30 minutes,drive,invest in better public transit
12008,12008,Sackville--Preston--Chezzetcook,Darrell,Samson,Darrell.Samson@parl.gc.ca,Liberal,around 30 minutes,drive,invest in better public transit
46009,46009,Saint Boniface--Saint Vital / Saint-Boniface--Saint-Vital,Dan,Vandal,Dan.Vandal@parl.gc.ca,Liberal,around 30 minutes,drive,invest in better public transit
13009,13009,Saint John--Rothesay,Wayne,Long,Wayne.Long@parl.gc.ca,Liberal,around 15 minutes,drive,"invest in active transportation infrastructure such as seperated bike lanes, sidewalks, and recreational trails"
24066,24066,Saint-Hyacinthe--Bagot,Brigitte,Sansoucy,Brigitte.Sansoucy@parl.gc.ca,NDP,around 15 minutes,drive,"invest in active transportation infrastructure such as seperated bike lanes, sidewalks, and recreational trails"
24067,24067,Saint-Jean,Jean,Rioux,Jean.Rioux@parl.gc.ca,Liberal,around 15 minutes,drive,"invest in active transportation infrastructure such as seperated bike lanes, sidewalks, and recreational trails"
24068,24068,Saint-Laurent,Emmanuella,Lambropoulos,Emmanuella.Lambropoulos@parl.gc.ca,Liberal,around 30 minutes,drive,invest in better public transit
24069,24069,Saint-L‚onard--Saint-Michel,Vacant,Vacant,Vacant.Vacant@parl.gc.ca,Vacant,around 30 minutes,drive,invest in better public transit
24070,24070,Saint-Maurice--Champlain,Fran‡ois-Philippe,Champagne,Fran‡ois-Philippe.Champagne@parl.gc.ca,Liberal,around 15 minutes,drive,"invest in active transportation infrastructure such as seperated bike lanes, sidewalks, and recreational trails"
24071,24071,Salaberry--SuroŒt,Anne Minh-Thu,Quach,Anne Minh-Thu.Quach@parl.gc.ca,NDP,around 30 minutes,drive,invest in better public transit
35091,35091,Sarnia--Lambton,Marilyn,Gladu,Marilyn.Gladu@parl.gc.ca,Conservative,around 15 minutes,drive,"invest in active transportation infrastructure such as seperated bike lanes, sidewalks, and recreational trails"
47012,47012,Saskatoon West / Saskatoon-Ouest,Sheri,Benson,Sheri.Benson@parl.gc.ca,NDP,around 30 minutes,drive,invest in better public transit
47010,47010,Saskatoon--Grasswood,Kevin,Waugh,Kevin.Waugh@parl.gc.ca,Conservative,around 30 minutes,drive,invest in better public transit
47011,47011,Saskatoon--University,Brad,Trost,Brad.Trost@parl.gc.ca,Conservative,around 30 minutes,drive,invest in better public transit
35092,35092,Sault Ste. Marie,Terry,Sheehan,Terry.Sheehan@parl.gc.ca,Liberal,around 15 minutes,drive,"invest in active transportation infrastructure such as seperated bike lanes, sidewalks, and recreational trails"
35094,35094,Scarborough Centre / Scarborough-Centre,Salma,Zahid,Salma.Zahid@parl.gc.ca,Liberal,around 45 minutes,drive,invest in regional and express commuter rail
35096,35096,Scarborough North / Scarborough-Nord,Shaun,Chen,Shaun.Chen@parl.gc.ca,Liberal,around 30 minutes,drive,invest in better public transit
35098,35098,Scarborough Southwest / Scarborough-Sud-Ouest,Bill,Blair,Bill.Blair@parl.gc.ca,Liberal,around 45 minutes,drive,invest in regional and express commuter rail
35093,35093,Scarborough--Agincourt,Jean,Yip,Jean.Yip@parl.gc.ca,Liberal,around 30 minutes,drive,invest in better public transit
35095,35095,Scarborough--Guildwood,John,McKay,John.McKay@parl.gc.ca,Liberal,over an hour,drive,invest in regional and express commuter rail
35097,35097,Scarborough--Rouge Park,Gary,Anandasangaree,Gary.Anandasangaree@parl.gc.ca,Liberal,over an hour,drive,invest in regional and express commuter rail
46010,46010,Selkirk--Interlake--Eastman,James,Bezan,James.Bezan@parl.gc.ca,Conservative,around 15 minutes,drive,"invest in active transportation infrastructure such as seperated bike lanes, sidewalks, and recreational trails"
24072,24072,Shefford,Pierre,Breton,Pierre.Breton@parl.gc.ca,Liberal,around 15 minutes,drive,"invest in active transportation infrastructure such as seperated bike lanes, sidewalks, and recreational trails"
24073,24073,Sherbrooke,Pierre-Luc,Dusseault,Pierre-Luc.Dusseault@parl.gc.ca,NDP,around 15 minutes,drive,"invest in active transportation infrastructure such as seperated bike lanes, sidewalks, and recreational trails"
48032,48032,Sherwood Park--Fort Saskatchewan,Garnett,Genuis,Garnett.Genuis@parl.gc.ca,Conservative,around 30 minutes,drive,invest in better public transit
35100,35100,Simcoe North / Simcoe-Nord,Bruce,Stanton,Bruce.Stanton@parl.gc.ca,Conservative,around 15 minutes,drive,"invest in active transportation infrastructure such as seperated bike lanes, sidewalks, and recreational trails"
35099,35099,Simcoe--Grey,K. Kellie,Leitch,K. Kellie.Leitch@parl.gc.ca,Conservative,around 15 minutes,drive,"invest in active transportation infrastructure such as seperated bike lanes, sidewalks, and recreational trails"
59028,59028,Skeena--Bulkley Valley,Nathan,Cullen,Nathan.Cullen@parl.gc.ca,NDP,around 15 minutes,drive,"invest in active transportation infrastructure such as seperated bike lanes, sidewalks, and recreational trails"
47013,47013,Souris--Moose Mountain,Robert,Kitchen,Robert.Kitchen@parl.gc.ca,Conservative,around 15 minutes,drive,"invest in active transportation infrastructure such as seperated bike lanes, sidewalks, and recreational trails"
59029,59029,South Okanagan--West Kootenay / Okanagan-Sud--Kootenay-Ouest,Richard,Cannings,Richard.Cannings@parl.gc.ca,NDP,around 15 minutes,drive,"invest in active transportation infrastructure such as seperated bike lanes, sidewalks, and recreational trails"
12009,12009,South Shore--St. Margarets,Bernadette,Jordan,Bernadette.Jordan@parl.gc.ca,Liberal,around 15 minutes,drive,"invest in active transportation infrastructure such as seperated bike lanes, sidewalks, and recreational trails"
59030,59030,South Surrey--White Rock / Surrey-Sud--White Rock,Gordie,Hogg,Gordie.Hogg@parl.gc.ca,Liberal,around 30 minutes,drive,invest in better public transit
35101,35101,Spadina--Fort York,Adam,Vaughan,Adam.Vaughan@parl.gc.ca,Liberal,around 30 minutes,walk or bike,invest in better public transit
48031,48031,St. Albert--Edmonton,Michael,Cooper,Michael.Cooper@parl.gc.ca,Conservative,around 30 minutes,drive,invest in better public transit
35089,35089,St. Catharines,Chris,Bittle,Chris.Bittle@parl.gc.ca,Liberal,around 30 minutes,drive,invest in better public transit
10006,10006,St. John's East / St. John's-Est,Nick,Whalen,Nick.Whalen@parl.gc.ca,Liberal,around 30 minutes,drive,invest in better public transit
10007,10007,St. John's South--Mount Pearl / St. John's-Sud--Mount Pearl,Seamus,O'Regan,Seamus.O'Regan@parl.gc.ca,Liberal,around 30 minutes,drive,invest in better public transit
59031,59031,Steveston--Richmond East / Steveston--Richmond-Est,Joe,Peschisolido,Joe.Peschisolido@parl.gc.ca,Liberal,around 30 minutes,drive,invest in better public transit
35102,35102,Stormont--Dundas--South Glengarry,Guy,Lauzon,Guy.Lauzon@parl.gc.ca,Conservative,around 15 minutes,drive,"invest in active transportation infrastructure such as seperated bike lanes, sidewalks, and recreational trails"
48033,48033,Sturgeon River--Parkland,Dane,Lloyd,Dane.Lloyd@parl.gc.ca,Conservative,around 30 minutes,drive,invest in better public transit
35103,35103,Sudbury,Paul,Lefebvre,Paul.Lefebvre@parl.gc.ca,Liberal,around 30 minutes,drive,invest in better public transit
59032,59032,Surrey Centre / Surrey-Centre,Randeep,Sarai,Randeep.Sarai@parl.gc.ca,Liberal,around 45 minutes,drive,invest in regional and express commuter rail
59033,59033,Surrey--Newton,Sukh,Dhaliwal,Sukh.Dhaliwal@parl.gc.ca,Liberal,around 30 minutes,drive,invest in better public transit
12010,12010,Sydney--Victoria,Mark,Eyking,Mark.Eyking@parl.gc.ca,Liberal,around 15 minutes,drive,"invest in active transportation infrastructure such as seperated bike lanes, sidewalks, and recreational trails"
24075,24075,Terrebonne,Michel,Boudrias,Michel.Boudrias@parl.gc.ca,Bloc Qu‚b‚cois,around 30 minutes,drive,invest in better public transit
24013,24013,Th‚rŠse-De Blainville,Ramez,Ayoub,Ramez.Ayoub@parl.gc.ca,Liberal,around 30 minutes,drive,invest in better public transit
35104,35104,Thornhill,Peter,Kent,Peter.Kent@parl.gc.ca,Conservative,around 30 minutes,drive,invest in better public transit
35105,35105,Thunder Bay--Rainy River,Don,Rusnak,Don.Rusnak@parl.gc.ca,Liberal,around 15 minutes,drive,"invest in active transportation infrastructure such as seperated bike lanes, sidewalks, and recreational trails"
35106,35106,Thunder Bay--Superior North / Thunder Bay--Sup‚rieur-Nord,Patty,Hajdu,Patty.Hajdu@parl.gc.ca,Liberal,around 15 minutes,drive,"invest in active transportation infrastructure such as seperated bike lanes, sidewalks, and recreational trails"
35107,35107,Timmins--James Bay / Timmins--Baie James,Charlie,Angus,Charlie.Angus@parl.gc.ca,NDP,around 15 minutes,drive,"invest in active transportation infrastructure such as seperated bike lanes, sidewalks, and recreational trails"
13010,13010,Tobique--Mactaquac,T.J.,Harvey,T.J..Harvey@parl.gc.ca,Liberal,around 15 minutes,drive,"invest in active transportation infrastructure such as seperated bike lanes, sidewalks, and recreational trails"
35108,35108,Toronto Centre / Toronto-Centre,Bill,Morneau,Bill.Morneau@parl.gc.ca,Liberal,around 30 minutes,walk or bike,invest in better public transit
35109,35109,Toronto--Danforth,Julie,Dabrusin,Julie.Dabrusin@parl.gc.ca,Liberal,around 45 minutes,take transit,invest in regional and express commuter rail
35090,35090,Toronto--St. Paul's,Carolyn,Bennett,Carolyn.Bennett@parl.gc.ca,Liberal,around 45 minutes,take transit,invest in regional and express commuter rail
24076,24076,Trois-RiviŠres,Robert,Aubin,Robert.Aubin@parl.gc.ca,NDP,around 15 minutes,drive,"invest in active transportation infrastructure such as seperated bike lanes, sidewalks, and recreational trails"
35110,35110,University--Rosedale,Chrystia,Freeland,Chrystia.Freeland@parl.gc.ca,Liberal,around 30 minutes,walk or bike,invest in better public transit
59034,59034,Vancouver Centre / Vancouver-Centre,Hedy,Fry,Hedy.Fry@parl.gc.ca,Liberal,around 30 minutes,walk or bike,invest in better public transit
59035,59035,Vancouver East / Vancouver-Est,Jenny,Kwan,Jenny.Kwan@parl.gc.ca,NDP,around 30 minutes,take transit,invest in better public transit
59036,59036,Vancouver Granville,Jody,Wilson-Raybould,Jody.Wilson-Raybould@parl.gc.ca,Liberal,around 30 minutes,take transit,invest in better public transit
59038,59038,Vancouver Kingsway,Don,Davies,Don.Davies@parl.gc.ca,NDP,around 30 minutes,drive,invest in better public transit
59039,59039,Vancouver Quadra,Joyce,Murray,Joyce.Murray@parl.gc.ca,Liberal,around 30 minutes,drive,invest in better public transit
59040,59040,Vancouver South / Vancouver-Sud,Harjit S.,Sajjan,Harjit S..Sajjan@parl.gc.ca,Liberal,around 30 minutes,drive,invest in better public transit
24074,24074,Vaudreuil--Soulanges,Peter,Schiefke,Peter.Schiefke@parl.gc.ca,Liberal,around 30 minutes,drive,invest in better public transit
35111,35111,Vaughan--Woodbridge,Francesco,Sorbara,Francesco.Sorbara@parl.gc.ca,Liberal,around 30 minutes,drive,invest in better public transit
59041,59041,Victoria,Murray,Rankin,Murray.Rankin@parl.gc.ca,NDP,around 30 minutes,drive,invest in better public transit
24077,24077,Ville-Marie--Le Sud-Ouest--×le-des-Soeurs,Marc,Miller,Marc.Miller@parl.gc.ca,Liberal,around 30 minutes,take transit,invest in better public transit
24078,24078,Vimy,Eva,Nassif,Eva.Nassif@parl.gc.ca,Liberal,around 30 minutes,drive,invest in better public transit
35112,35112,Waterloo,Bardish,Chagger,Bardish.Chagger@parl.gc.ca,Liberal,around 30 minutes,drive,invest in better public transit
35113,35113,Wellington--Halton Hills,Michael,Chong,Michael.Chong@parl.gc.ca,Conservative,around 30 minutes,drive,invest in better public transit
12011,12011,West Nova / Nova-Ouest,Colin,Fraser,Colin.Fraser@parl.gc.ca,Liberal,around 15 minutes,drive,"invest in active transportation infrastructure such as seperated bike lanes, sidewalks, and recreational trails"
59042,59042,West Vancouver--Sunshine Coast--Sea to Sky Country,Pamela,Goldsmith-Jones,Pamela.Goldsmith-Jones@parl.gc.ca,Liberal,around 15 minutes,drive,"invest in active transportation infrastructure such as seperated bike lanes, sidewalks, and recreational trails"
35114,35114,Whitby,Celina,Caesar-Chavannes,Celina.Caesar-Chavannes@parl.gc.ca,Independent,around 30 minutes,drive,invest in better public transit
35115,35115,Willowdale,Ali,Ehsassi,Ali.Ehsassi@parl.gc.ca,Liberal,around 45 minutes,drive,invest in regional and express commuter rail
35117,35117,Windsor West / Windsor-Ouest,Brian,Masse,Brian.Masse@parl.gc.ca,NDP,around 30 minutes,drive,invest in better public transit
35116,35116,Windsor--Tecumseh,Cheryl,Hardcastle,Cheryl.Hardcastle@parl.gc.ca,NDP,around 30 minutes,drive,invest in better public transit
46011,46011,Winnipeg Centre / Winnipeg-Centre,Robert-Falcon,Ouellette,Robert-Falcon.Ouellette@parl.gc.ca,Liberal,around 30 minutes,drive,invest in better public transit
46012,46012,Winnipeg North / Winnipeg-Nord,Kevin,Lamoureux,Kevin.Lamoureux@parl.gc.ca,Liberal,around 30 minutes,drive,invest in better public transit
46013,46013,Winnipeg South / Winnipeg-Sud,Terry,Duguid,Terry.Duguid@parl.gc.ca,Liberal,around 30 minutes,drive,invest in better public transit
46014,46014,Winnipeg South Centre / Winnipeg-Centre-Sud,Jim,Carr,Jim.Carr@parl.gc.ca,Liberal,around 30 minutes,drive,invest in better public transit
48034,48034,Yellowhead,Jim,Eglinski,Jim.Eglinski@parl.gc.ca,Conservative,around 15 minutes,drive,"invest in active transportation infrastructure such as seperated bike lanes, sidewalks, and recreational trails"
35118,35118,York Centre / York-Centre,Michael,Levitt,Michael.Levitt@parl.gc.ca,Liberal,around 45 minutes,drive,invest in regional and express commuter rail
35120,35120,York South--Weston / York-Sud--Weston,Ahmed,Hussen,Ahmed.Hussen@parl.gc.ca,Liberal,around 45 minutes,drive,invest in regional and express commuter rail
35119,35119,York--Simcoe,Scot,Davidson,Scot.Davidson@parl.gc.ca,Conservative,around 30 minutes,drive,invest in better public transit
47014,47014,Yorkton--Melville,Cathay,Wagantall,Cathay.Wagantall@parl.gc.ca,Conservative,around 15 minutes,drive,"invest in active transportation infrastructure such as seperated bike lanes, sidewalks, and recreational trails"
60001,60001,Yukon,Larry,Bagnell,Larry.Bagnell@parl.gc.ca,Liberal,around 15 minutes,drive,"invest in active transportation infrastructure such as seperated bike lanes, sidewalks, and recreational trails"
